SL,date,LAST,a,b,c,d,e,f,g,h,i,j,k,l,m,n,INT
357,4/1/1983,30.63,263269,2496,32352,126507,16934,84980,2536,4727,1432,186,162,523,9,454,10.4
356,5/2/1983,30.25,267575,2434,31863,129595,17349,86334,2605,5089,1771,385,122,455,1,518,10.38
355,6/1/1983,31.38,260014,2290,31605,125002,16926,84191,2438,5326,1973,467,188,335,11,586,10.85
354,7/1/1983,32,267717,2283,31261,128699,17721,87753,2628,5741,2251,525,182,434,30,634,11.38
353,8/1/1983,31.59,269053,2359,32771,129402,17382,87139,2621,6159,2728,464,448,511,1,542,11.85
352,9/1/1983,30.36,263530,2319,31321,126914,17198,85778,2486,6129,2595,324,587,432,21,533,11.65
351,10/3/1983,30.37,271890,2248,31986,131306,17923,88427,2565,5258,2108,307,638,337,11,532,11.54
350,11/1/1983,29.23,263111,2095,32139,126879,16960,85038,2533,5210,1910,215,545,452,21,556,11.69
349,12/1/1983,29.6,260293,1977,28606,125440,16747,87523,2628,5033,1969,329,569,415,18,604,11.83
348,1/2/1984,29.98,274902,2037,32192,133809,17965,88899,2575,5430,1965,243,477,549,1,635,11.67
347,2/1/1984,30.55,257357,1953,32089,124060,16146,83109,2437,5693,1896,244,324,478,26,620,11.84
346,3/1/1984,30.85,268829,2020,32280,133825,17360,83344,2607,5301,1811,269,310,358,11,694,12.32
345,4/2/1984,30.26,265872,1955,32825,127555,16750,86787,2493,5372,1962,288,320,593,0,705,12.63
344,5/1/1984,30.83,277616,1953,33535,133605,18716,89807,2688,5979,2677,289,329,627,11,722,13.41
343,6/1/1984,29.75,265570,1847,32745,128904,19070,83004,1587,5482,2227,243,411,640,5,506,13.56
342,7/2/1984,27.6,275432,1882,33525,132837,19629,87559,2662,5407,2241,204,429,539,32,577,13.36
341,8/1/1984,29.23,273091,1849,31689,132399,18268,88886,2812,5044,2009,114,438,475,0,547,12.72
340,9/3/1984,29.66,269798,1948,33525,128890,18410,87025,2684,5252,2002,160,159,715,0,550,12.52
339,10/1/1984,28.46,276075,1943,33727,132161,18733,89511,2652,5779,2062,208,287,585,0,682,12.16
338,11/1/1984,27.31,269357,1867,32837,128458,18170,88025,2532,5587,1954,163,183,564,0,640,11.57
337,12/3/1984,26.41,275797,1888,32790,134185,18347,88587,2670,4933,1765,166,224,459,6,675,11.5
336,1/1/1985,26.41,270926,1837,31766,131543,19350,86430,2633,4415,1405,262,106,481,8,616,11.38
335,2/1/1985,26.73,252695,1648,28655,119662,17569,85161,2283,3913,1220,119,108,524,8,730,11.51
334,3/1/1985,28.29,281943,1882,32804,133939,19729,93589,2545,4673,1505,164,85,588,9,909,11.86
333,4/1/1985,27.63,271299,1819,32584,129841,18865,88190,2253,5316,1928,280,201,684,16,890,11.43
332,5/1/1985,27.84,283093,1813,33364,133330,19660,94926,2605,5776,1976,381,41,552,45,823,10.85
331,6/3/1985,26.87,270653,1752,30975,127897,18768,91261,2576,4929,1690,357,26,452,37,720,10.16
330,7/1/1985,27.12,277410,1690,32567,131713,19405,92035,2516,4950,1825,381,44,573,8,610,10.31
329,8/1/1985,28.08,272881,1695,33041,126661,19634,91850,2559,4718,1740,207,46,568,21,664,10.33
328,9/2/1985,29.08,268610,1688,31279,125138,19228,91277,2266,4970,1802,285,27,808,43,783,10.37
327,10/1/1985,30.38,278068,1795,33615,128799,19682,94177,2466,5121,1958,305,251,676,12,825,10.24
326,11/1/1985,29.75,267059,1623,31041,125817,18638,89940,2633,6116,2440,325,430,727,27,766,9.78
325,12/2/1985,26.3,279916,1719,32391,132526,18792,94488,2540,5831,2430,432,642,625,36,902,9.26
324,1/1/1986,18.83,283248,1620,33136,133735,19788,94969,2417,5573,2298,278,664,629,10,823,9.19
323,2/3/1986,13.26,256855,1433,29650,121334,17567,86871,2148,4676,1807,204,574,518,23,690,8.7
322,3/3/1986,10.42,279413,1532,31547,132673,19602,94059,2440,4712,2145,328,482,797,16,750,7.78
321,4/1/1986,13.3,265917,1518,30116,126049,18627,89607,2391,5439,2576,319,698,831,43,798,7.3
320,5/1/1986,14.3,273964,1550,29705,128826,18851,95032,2512,6400,2749,398,574,899,122,881,7.71
319,6/2/1986,12.78,258700,1452,28561,120645,17601,90441,2481,6848,3010,382,662,772,126,753,7.8
318,7/1/1986,11.15,268448,1468,29240,126077,18141,93522,2514,6942,3307,542,738,730,114,763,7.3
317,8/1/1986,15.9,259580,1382,27491,123293,17849,89565,2435,7168,3346,606,680,916,119,801,7.17
316,9/1/1986,14.77,249843,1220,27148,118788,17002,85685,2240,7090,3383,684,810,856,102,801,7.45
315,10/1/1986,15.27,260984,1370,27835,121033,17716,93030,2277,6427,3276,530,697,863,99,842,7.43
314,11/3/1986,15,252374,1300,26233,118962,17168,88711,2303,6592,3088,483,868,843,125,960,7.25
313,12/1/1986,17.94,258926,1337,28152,122908,16976,89551,2448,6700,2976,511,769,841,141,809,7.11
312,1/1/1987,18.75,262888,1245,26595,121473,17808,95766,2269,6353,2764,346,875,899,176,799,7.08
311,2/2/1987,16.6,234880,1134,24991,110488,15936,82331,2075,5984,2785,256,776,791,119,783,7.25
310,3/2/1987,18.83,262398,1314,27277,121984,17293,94530,2141,5794,2305,312,430,702,131,738,7.25
309,4/1/1987,18.73,254945,1286,27207,117022,16912,92518,2484,5911,2430,512,463,710,156,818,8.02
308,5/1/1987,19.38,258426,1310,26253,118236,17379,95248,2652,6073,2675,550,499,913,102,884,8.61
307,6/1/1987,20.29,248356,1236,26239,113321,16744,90816,2712,6769,3122,546,782,808,144,912,8.4
306,7/1/1987,21.37,255782,1289,26937,117022,17246,93288,2918,7588,3533,792,756,854,137,901,8.45
305,8/3/1987,19.73,254508,1271,26154,116514,17202,93367,3032,7454,3748,732,961,831,179,841,8.76
304,9/1/1987,19.59,246163,1252,25904,113340,16691,88977,2490,7178,3560,615,902,821,157,846,9.42
303,10/1/1987,19.96,259272,1284,26849,117779,17509,95850,2880,7068,3576,518,1051,829,140,938,9.52
302,11/2/1987,18.51,251915,1212,25214,113514,16795,95180,2828,7068,3169,607,637,771,194,827,8.86
301,12/1/1987,16.7,257844,1301,26041,116081,17400,97021,2610,6833,3033,613,876,717,142,883,8.99
300,1/1/1988,16.94,255743,1177,25415,116160,17535,95456,2668,7181,3134,406,894,766,168,959,8.67
299,2/1/1988,16.01,242848,1159,25137,108759,16566,91228,2397,7256,3461,506,1307,846,67,1033,8.21
298,3/1/1988,17.08,259587,1256,26503,116190,17582,98056,2437,6944,3073,589,950,803,203,1002,8.37
297,4/1/1988,17.99,248629,1159,25518,111459,17246,93247,2757,7270,3413,711,937,833,155,985,8.72
296,5/2/1988,17.51,255089,1204,26115,114210,17653,95907,2753,7469,3501,601,1041,841,135,1001,9.09
295,6/1/1988,15.16,245102,1202,25542,109677,16890,91792,2646,7239,3632,875,923,850,37,1032,8.92
294,7/1/1988,16.31,249229,1168,24865,112170,17171,93855,2595,7297,3589,715,1076,724,105,972,9.06
293,8/1/1988,15.18,250459,1197,25536,111532,16880,95313,2742,7386,3703,623,1169,830,79,1009,9.26
292,9/1/1988,13.37,236847,1112,24357,102858,16250,92270,2540,7506,3685,546,1066,824,151,936,8.98
291,10/3/1988,13.58,248704,1062,24532,111198,16772,95140,2695,7830,3861,686,1244,772,160,996,8.8
290,11/1/1988,15.32,240700,1027,23708,108138,15954,91873,2553,7714,3510,489,986,779,145,1080,8.96
289,12/1/1988,17.24,246189,1065,24766,110800,16195,93363,2499,7727,3674,667,1289,669,201,990,9.11
288,1/2/1989,17.03,246056,1118,25126,111222,16565,92025,2621,8255,4212,782,1449,941,261,1065,9.09
287,2/1/1989,18.15,218076,980,21010,98200,14485,83400,2477,8032,3845,567,1290,775,146,1007,9.17
286,3/1/1989,20.19,234822,1104,24654,109001,16360,83704,2749,7456,3693,702,1108,909,185,961,9.36
285,4/3/1989,20.42,233147,1050,23686,105520,15725,87165,2707,8078,3927,750,1226,831,168,877,9.18
284,5/1/1989,19.9,242303,1138,24143,108023,16260,92739,2941,7778,4025,789,1155,853,122,901,8.86
283,6/1/1989,20.27,228731,1076,23133,103160,15250,86113,2754,7977,4106,864,1249,778,139,921,8.28
282,7/3/1989,18.31,230766,1022,23434,105632,15856,84822,2913,8369,4437,1094,1182,794,108,849,8.02
281,8/1/1989,18.83,233878,1092,23639,104478,15455,89214,2841,8560,4531,946,1316,834,191,911,8.11
280,9/1/1989,20.13,226436,1075,22607,101085,15371,86297,2820,8002,4236,867,1109,914,163,949,8.19
279,10/2/1989,19.94,231036,1132,23556,101511,15787,89049,2728,8301,4177,713,1158,1004,147,857,8.01
278,11/1/1989,19.89,226082,1031,22639,100098,15090,87225,2640,8341,4353,770,1342,924,227,911,7.87
277,12/1/1989,21.82,227439,933,21490,99649,15535,89832,2885,7579,4111,915,1115,903,199,973,7.84
276,1/1/1990,22.68,233931,1078,24345,104602,15660,88247,2814,9197,4865,830,1214,1155,188,982,8.21
275,2/1/1990,21.54,209923,974,20835,95225,14227,78662,2241,8399,4594,833,1557,898,203,946,8.47
274,3/1/1990,20.28,230434,954,23107,103793,15743,86837,2678,7965,4429,1054,1157,893,177,850,8.59
273,4/2/1990,18.54,222215,963,22070,100624,15060,83498,2562,7858,4198,969,1149,1005,198,925,8.79
272,5/1/1990,17.4,227179,962,22849,102615,15684,85069,2681,8834,4574,1008,1225,1087,220,981,8.76
271,6/1/1990,17.07,213175,874,21677,98409,14971,77245,2216,8747,4460,778,1153,1070,180,942,8.48
270,7/2/1990,20.69,222371,847,22537,101738,15114,82134,2544,9048,4992,860,1369,1007,169,899,8.47
269,8/1/1990,27.35,225886,861,23623,102782,15242,83378,2468,8644,4921,881,1189,1014,203,952,8.75
268,9/3/1990,39.51,216715,816,21949,99191,14757,80002,2485,7361,3944,755,1286,1062,97,924,8.89
267,10/1/1990,35.23,233799,865,23664,105043,15442,88785,2519,6717,3517,557,1619,982,183,917,8.72
266,11/1/1990,28.85,221598,824,22679,101341,14985,81768,2424,7003,3629,574,1581,1142,209,902,8.39
265,12/3/1990,28.44,227463,876,21322,103708,14838,86719,2399,6439,3428,499,1587,975,161,987,8.08
264,1/1/1991,21.54,232498,848,22350,106978,15228,87094,2338,7103,3898,504,1934,1005,194,978,8.09
263,2/1/1991,19.16,213836,768,21209,97369,13897,80592,2127,6865,3815,721,1566,959,151,1135,7.85
262,3/1/1991,19.63,233926,766,22924,107107,15287,87842,1807,6646,3623,531,1683,998,157,1058,8.11
261,4/1/1991,20.96,225256,844,22415,104338,14810,82849,2182,7418,3744,677,1764,845,163,1103,8.04
260,5/1/1991,21.13,229670,816,22893,106413,14869,84679,2221,8518,4724,860,2258,997,163,1027,8.07
259,6/3/1991,20.56,219610,582,21600,101426,14359,81643,2277,8245,4498,832,1841,1135,169,986,8.28
258,7/1/1991,21.68,227756,754,22677,104229,14795,85301,2894,7755,4232,833,1725,1102,163,848,8.27
257,8/1/1991,22.26,226801,786,22294,104720,14839,84162,2974,8670,4602,1016,2019,1070,219,1011,7.9
256,9/2/1991,22.23,221029,818,21011,102079,14251,82871,2785,7826,3956,489,1708,1163,168,1137,7.65
255,10/1/1991,23.37,230557,946,21785,105650,14407,87768,3354,7467,4023,651,1671,1087,128,936,7.53
254,11/1/1991,21.48,219833,854,20781,101539,14013,82646,3365,7615,4171,704,1778,1065,145,1107,7.42
253,12/2/1991,19.12,226267,879,21347,106000,14601,83439,3195,7337,3791,617,1645,987,138,1083,7.09
252,1/1/1992,18.9,228178,898,21647,106196,14324,85113,3119,7712,4224,593,2017,1119,158,1045,7.03
251,2/3/1992,18.68,214269,797,20159,99221,13701,80391,3257,6827,3549,322,1776,1028,114,1147,7.34
250,3/2/1992,19.44,227798,851,21568,105808,14509,85063,3304,7068,3606,441,1707,1106,101,1100,7.54
249,4/1/1992,20.85,218775,834,21232,101477,13981,81251,3483,8092,4085,798,1734,1079,150,1121,7.48
248,5/1/1992,22.11,222227,817,20880,103837,14440,82253,3648,7823,4118,773,1764,1038,57,1013,7.39
247,6/1/1992,21.6,215019,839,20583,100033,13807,79757,3193,7946,4029,740,1744,1059,135,970,7.26
246,7/1/1992,21.87,221064,805,21027,103399,14239,81594,4059,8479,4339,900,1713,1163,103,1044,6.84
245,8/3/1992,21.48,214575,844,20766,98631,14067,80267,3574,8260,4144,815,1594,1102,156,1038,6.59
244,9/1/1992,21.71,210904,832,20189,96415,13687,79781,3588,8178,4274,774,1593,1333,190,1131,6.42
243,10/1/1992,20.62,220898,861,20661,103081,13966,82329,3764,8505,4507,827,1593,1497,153,1063,6.59
242,11/2/1992,19.89,210724,811,18948,98569,13425,78971,3652,7872,4086,626,1608,1343,127,1037,6.87
241,12/1/1992,19.5,220200,854,20905,102379,13653,82409,3911,7839,4105,549,1793,1164,66,1122,6.77
240,1/1/1993,20.26,215791,848,19502,101727,13499,80216,3753,8004,4314,729,1688,1397,188,1052,6.6
239,2/1/1993,20.6,194393,725,17589,92080,11960,72039,3701,7948,4510,927,1626,1296,148,1095,6.26
238,3/1/1993,20.44,216198,813,20409,101162,13673,80141,4259,8285,4341,928,1479,1173,161,1033,5.98
237,4/1/1993,20.53,206439,846,19835,97486,12842,75430,3864,8768,4682,892,1644,1314,178,1052,5.97
236,5/3/1993,20.02,212255,850,19279,100422,13711,77992,4304,8663,4365,760,1524,1264,147,1128,6.04
235,6/1/1993,18.85,203842,821,19445,96904,12992,73680,4251,8805,4428,848,1540,1292,176,1117,5.96
234,7/1/1993,17.88,207339,836,20186,98984,13193,74140,4437,9219,4513,893,1283,1384,204,1264,5.81
233,8/2/1993,18.29,209492,868,19457,99137,13116,76914,4383,8429,4172,562,1151,1383,131,1247,5.68
232,9/1/1993,18.79,201347,856,18995,96003,12664,72829,4362,8531,4063,514,1329,1273,224,1319,5.36
231,10/1/1993,16.92,212003,883,19218,99206,13048,79647,4470,9197,4359,603,1115,1276,192,1370,5.33
230,11/1/1993,15.4,207349,850,18608,96412,12553,78926,4443,8903,4279,636,1281,1322,164,1236,5.72
229,12/1/1993,14.17,212585,836,18404,99043,13081,81220,4412,8645,4242,598,1330,1230,134,1255,5.77
228,1/3/1994,15.19,211320,787,18103,99229,12873,80328,4429,7993,3660,310,1320,1211,182,1242,5.75
227,2/1/1994,14.48,189569,841,16904,89228,11694,70902,4091,8539,3834,576,1071,1224,184,1374,5.97
226,3/1/1994,14.79,209114,907,19016,98879,12819,77494,4047,8574,3790,441,1132,1261,188,1326,6.48
225,4/1/1994,16.9,198363,928,18032,94628,12195,72580,3698,8968,4408,631,1586,1303,241,1194,6.97
224,5/2/1994,18.31,207334,953,18784,97116,12642,77839,4397,9213,4409,732,1438,1334,105,1160,7.18
223,6/1/1994,19.37,198318,919,18122,93598,12074,73605,4435,9305,4518,842,1395,1469,112,1206,7.1
222,7/1/1994,20.3,201527,907,17931,95165,11411,76113,5351,9779,4506,703,1414,1296,127,1237,7.3
221,8/1/1994,17.56,202869,914,18256,96129,11635,75935,5215,9510,4503,1037,1363,1255,181,1357,7.24
220,9/1/1994,18.39,198264,896,17528,93626,12024,74191,5170,9693,4386,578,1486,1428,144,1300,7.46
219,10/3/1994,18.19,206398,935,17740,95767,12217,79738,5540,8788,4304,569,1601,1385,215,1238,7.74
218,11/1/1994,18.05,198850,922,17605,94026,11715,74582,5441,8707,4171,485,1477,1432,134,1251,7.96
217,12/1/1994,17.76,209550,928,18089,97534,12031,80969,5695,8863,4451,739,1526,1405,124,1388,7.81
216,1/2/1995,18.39,207148,852,17906,97435,12437,78518,5911,8015,3911,625,1309,1442,223,1345,7.78
215,2/1/1995,18.49,190245,791,16674,88631,13034,71115,5542,8345,4114,463,1181,1439,139,1311,7.47
214,3/1/1995,19.17,204613,920,18100,96510,12133,76950,6165,9006,4379,687,1535,1499,239,1208,7.2
213,4/3/1995,20.38,198111,870,17427,94089,11763,73962,5631,8465,3887,467,1375,1365,175,1243,7.06
212,5/1/1995,18.89,205509,888,17681,98167,12026,76746,5835,8709,4007,603,1281,1480,171,1406,6.63
211,6/1/1995,17.4,197359,884,17313,93931,11599,73631,6075,9558,4463,696,1287,1479,225,1420,6.17
210,7/3/1995,17.56,199912,828,16984,97064,11880,73156,6064,8863,4362,696,1265,1536,223,1279,6.28
209,8/1/1995,17.84,199846,797,17782,95006,11727,74534,6312,9061,4138,482,1340,1449,330,1345,6.49
208,9/1/1995,17.54,192484,798,16869,93103,11557,70157,5744,9736,4757,851,1474,1655,252,1252,6.2
207,10/2/1995,17.64,199055,782,17485,93104,11813,75871,6127,8577,4212,649,1260,1453,199,1300,6.04
206,11/1/1995,18.18,197559,744,17130,94759,11521,73405,6042,9074,4449,646,1429,1507,240,1403,5.93
205,12/1/1995,19.55,202428,741,16982,97109,11888,75709,6262,8612,4098,652,1378,1459,200,1471,5.71
204,1/1/1996,17.74,201354,712,17303,97493,11473,74373,5761,9364,4120,690,1398,1518,186,1490,5.65
203,2/1/1996,19.54,190727,659,16390,91811,10884,70983,5654,8390,3730,647,1128,1495,149,1413,5.81
202,3/1/1996,21.47,203715,780,17336,99092,11288,75219,6067,9092,4161,594,1422,1719,262,1322,6.27
201,4/1/1996,21.2,193317,879,17601,94403,10989,69445,5582,9429,4007,518,1288,1732,280,1427,6.51
200,5/1/1996,19.76,198208,885,17544,97639,11072,71067,5330,10007,4541,705,1518,1700,263,1373,6.74
199,6/3/1996,20.92,193746,855,16770,93860,10782,71479,5479,9938,4275,711,1138,1642,250,1395,6.91
198,7/1/1996,20.42,196471,904,17408,96868,11122,70169,5388,9820,4619,750,1548,1690,204,1393,6.87
197,8/1/1996,22.25,197162,873,17076,97368,11383,70463,5161,9986,4665,793,1477,1749,221,1393,6.64
196,9/2/1996,24.38,194456,834,17061,95010,11168,70382,5031,9142,4204,694,1355,1708,213,1276,6.83
195,10/1/1996,23.35,200907,879,17631,99291,11258,71848,5106,9837,4271,521,1357,1781,265,1407,6.53
194,11/1/1996,23.75,194268,847,16025,95973,10978,70445,4877,9244,3967,465,1297,1728,267,1516,6.2
193,12/2/1996,25.92,201685,877,17477,99994,11240,72097,4983,9417,3931,320,1400,1641,246,1675,6.3
192,1/1/1997,24.15,198466,868,17195,98140,11118,71145,4782,9763,4078,548,1344,1641,227,1571,6.58
191,2/3/1997,20.3,182400,756,15697,91244,10255,64448,4272,9561,4130,625,1361,1601,248,1605,6.42
190,3/3/1997,20.41,200013,828,17657,100219,11301,70008,4770,9833,4279,542,1292,1769,260,1508,6.69
189,4/1/1997,20.21,193239,817,16613,97478,10690,67641,4378,10114,4688,756,1573,1695,255,1454,6.89
188,5/1/1997,20.88,200702,789,18187,101239,11163,69324,4910,10818,5001,992,1475,1927,272,1571,6.71
187,6/2/1997,19.8,193252,772,17090,98529,10750,66110,4804,10736,4999,919,1299,1893,228,1546,6.49
186,7/1/1997,20.14,198691,756,17818,101364,11083,67669,4859,10008,4429,580,1313,1738,235,1547,6.22
185,8/1/1997,19.61,196769,799,17085,101243,10965,66677,4827,10465,4827,882,1636,1794,250,1630,6.3
184,9/1/1997,21.18,194575,777,16987,99581,10509,66721,4583,10537,4860,769,1599,1822,289,1577,6.21
183,10/1/1997,21.08,200482,786,16676,103477,10960,68583,3944,10792,4913,688,1377,1991,321,1503,6.03
182,11/3/1997,19.15,193778,745,15787,100594,10610,66042,3747,9948,4431,649,1308,1689,322,1559,5.88
181,12/1/1997,17.64,202464,801,17571,103910,11232,68950,4259,9328,4168,423,1311,1699,350,1689,5.81
180,1/1/1998,17.21,202756,824,17308,106453,11049,67121,4337,10127,4382,630,1515,1597,345,1703,5.54
179,2/2/1998,15.44,181321,737,15524,95592,9568,59900,3790,9991,4469,560,1470,1764,301,1738,5.57
178,3/2/1998,15.61,198639,775,15592,105573,10682,66017,3991,10034,4915,845,1552,1698,296,1464,5.65
177,4/1/1998,15.39,194483,797,16516,103313,10566,63290,3634,11105,5056,822,1527,1743,358,1586,5.64
176,5/1/1998,15.2,196754,847,16484,104584,10039,64800,4026,11104,5058,899,1362,1911,401,1600,5.65
175,6/1/1998,14.18,188018,832,15214,100303,10290,61379,3836,10926,4956,771,1647,1616,321,1688,5.5
174,7/1/1998,14.21,192026,843,16022,100838,10364,63958,3949,11649,5407,873,1615,1779,238,1669,5.46
173,8/3/1998,13.34,192282,818,15735,102100,10279,63349,3889,11032,5247,736,1500,1703,367,1564,5.34
172,9/1/1998,16.14,173676,773,14989,88266,10010,59639,3628,10499,4753,502,1606,1490,363,1575,4.81
171,10/1/1998,14.42,190420,800,15437,99720,10003,64459,3779,10861,5181,633,1316,1963,411,1570,4.53
170,11/2/1998,11.22,184198,766,14592,96692,9967,62181,3615,10860,4837,574,1386,1708,352,1495,4.83
169,12/1/1998,12.05,187347,830,14425,98588,10011,63494,3759,10258,4560,490,1402,1651,488,1542,4.65
168,1/1/1999,12.75,184864,700,13800,97240,9739,63384,3788,10424,4819,702,1511,1641,445,1600,4.72
167,2/1/1999,12.27,167034,621,13387,88682,8756,55589,3375,10650,5110,701,1497,1751,480,1459,5
166,3/1/1999,16.76,182362,684,13952,95934,9591,62201,3665,10658,5109,650,1652,1331,592,1365,5.23
165,4/1/1999,18.66,176616,679,13982,95211,9167,57577,3431,11618,5679,890,1482,1737,435,1373,5.18
164,5/3/1999,16.84,182122,626,13970,98015,9414,60097,3515,11511,5079,617,1502,1574,458,1523,5.54
163,6/1/1999,19.29,172808,628,13741,94927,9121,54391,3217,11160,5040,703,1539,1426,370,1477,5.9
162,7/1/1999,20.53,179738,685,13853,98896,9298,57006,3284,11697,5016,666,1436,1602,600,1694,5.79
161,8/2/1999,22.11,179187,703,14356,97707,9370,57051,3121,11142,5137,800,1474,1480,547,1653,5.94
160,9/1/1999,24.51,174113,674,13939,96540,9087,53873,3108,10657,4825,535,1441,1484,406,1407,5.92
159,10/1/1999,21.75,184361,689,13994,100521,9245,59912,3225,10595,4645,543,1353,1340,432,1627,6.11
158,11/1/1999,24.59,178811,689,14033,98621,8898,56569,3049,10033,4431,588,1396,1222,416,1592,6.03
157,12/1/1999,25.6,184716,670,14288,101616,9100,59042,2924,10065,4564,490,1455,1346,433,1684,6.28
156,1/3/2000,27.64,179316,606,14341,97380,9496,57493,2898,10140,4169,490,1543,1360,452,1869,6.66
155,2/1/2000,30.43,169703,564,13905,92304,8884,54045,2751,11003,4907,657,1317,1600,355,1904,6.52
154,3/1/2000,26.9,183464,662,15242,100736,9490,57334,3016,11052,5054,1038,1548,1567,464,1673,6.26
153,4/3/2000,25.74,175625,624,14292,96156,9098,55455,2927,11558,5171,948,1466,1537,402,1750,5.99
152,5/1/2000,29.01,181242,692,14954,100057,9402,56137,3059,11415,4904,913,1566,1468,346,1907,6.44
151,6/1/2000,32.5,174686,656,14587,97341,9134,52969,2931,12032,5558,1189,1512,1516,283,1830,6.1
150,7/3/2000,27.43,177920,653,14578,99064,9254,54372,3055,11588,5178,895,1554,1446,237,1775,6.05
149,8/1/2000,33.12,179451,679,15340,100075,9214,54142,2947,12173,5904,1122,1649,1661,313,1790,5.83
148,9/1/2000,30.84,172731,658,14603,96667,8938,51865,2752,11900,5470,1020,1669,1378,360,1789,5.8
147,10/2/2000,32.7,180080,687,14191,99884,9264,56054,2811,11290,5307,946,1499,1610,207,1716,5.74
146,11/1/2000,33.82,174980,642,13992,96612,8946,54788,2805,11309,5236,851,1624,1632,324,1736,5.72
145,12/1/2000,26.8,181508,621,13950,100447,9146,57344,3040,12053,5575,686,1897,1776,359,1948,5.24
144,1/1/2001,28.66,179767,679,14079,100698,9072,55239,2645,12555,5527,881,1804,1796,379,1935,5.16
143,2/1/2001,27.39,161843,591,12804,90028,8139,50281,2564,11643,5071,894,1800,1500,321,1867,5.1
142,3/1/2001,26.29,182290,641,14813,101127,9077,56633,2880,12132,5832,1076,1788,1702,228,1938,4.89
141,4/2/2001,28.46,175879,635,14138,98598,8768,53740,2414,12653,6104,1192,1658,1623,301,1852,5.14
140,5/1/2001,28.37,180712,667,14306,102356,9032,54351,2659,12529,6080,988,1770,1514,323,1780,5.39
139,6/1/2001,26.25,172974,617,13961,97945,8599,51851,2349,11732,5641,793,1764,1623,308,1900,5.28
138,7/2/2001,26.35,178208,608,13926,101449,8867,53357,2414,11760,5509,869,1713,1685,239,1690,5.24
137,8/1/2001,27.2,177488,634,13988,100403,8812,53650,2712,11622,5289,727,1835,1586,350,1723,4.97
136,9/3/2001,23.43,171270,608,13344,97885,8649,50784,2598,11818,5593,1057,1478,1282,307,1685,4.73
135,10/1/2001,21.18,178129,622,14403,102141,8858,52106,2520,11379,5542,842,1432,1511,234,1734,4.57
134,11/1/2001,19.44,176441,583,13641,98928,8545,54743,2654,11628,5097,696,1543,1423,278,1899,4.65
133,12/3/2001,19.84,182511,564,13885,102286,8701,57074,2694,10994,5024,614,1370,1382,283,1944,5.09
132,1/1/2002,19.48,182076,684,13871,101582,9148,56792,2856,11088,5029,565,1456,1450,260,1901,5.04
131,2/1/2002,21.74,164666,619,12406,92098,8237,51305,2518,10904,4733,453,1474,1444,352,1897,4.91
130,3/1/2002,26.31,182460,700,13815,101435,9009,57502,2790,11198,4991,621,1558,1404,242,1844,5.28
129,4/1/2002,27.29,175333,600,13734,98010,8785,54204,2575,11765,4606,645,1556,1134,291,2032,5.21
128,5/1/2002,25.31,183057,636,14136,103506,9029,55750,2529,11769,4561,591,1564,1312,210,1969,5.16
127,6/3/2002,26.86,176532,623,13490,99446,8633,54340,2571,11753,4356,728,1598,1188,229,1914,4.93
126,7/1/2002,27.02,178275,650,14054,101350,8826,53395,2731,11624,4366,607,1392,1585,224,1901,4.65
125,8/1/2002,28.98,179670,632,13947,101500,8934,54657,2810,11890,4638,820,1444,1699,239,2020,4.26
124,9/2/2002,30.45,162336,616,13244,89318,8696,50463,2690,11075,4452,547,1531,1556,275,1883,3.87
123,10/1/2002,27.22,166105,654,13604,87704,9012,55131,2724,11893,4686,597,1690,1605,255,2110,3.94
122,11/1/2002,26.89,168706,578,13697,94715,8733,50982,2634,12268,4682,596,1511,1625,270,2083,4.05
121,12/2/2002,31.2,177372,611,13605,98674,9042,55440,2637,11100,4164,670,1843,778,289,2090,4.03
120,1/1/2003,33.51,178209,621,13994,99654,9115,54825,2596,11104,4303,831,1841,426,160,2272,4.05
119,2/3/2003,36.6,161726,528,12064,90621,8257,50257,2383,10921,4052,547,1447,613,269,1997,3.9
118,3/3/2003,31.04,179764,603,13965,100748,8976,55473,2423,12044,5433,1002,1886,1297,220,1895,3.81
117,4/1/2003,25.8,171629,669,13683,96340,8775,52163,2482,12599,5949,733,2070,1626,212,1779,3.96
116,5/1/2003,29.56,175438,601,13667,97721,9054,54395,2589,12918,5751,958,2305,1737,162,2015,3.57
115,6/2/2003,30.19,169643,625,13171,94434,8712,52701,2566,13001,5526,866,2002,1622,170,1956,3.33
114,7/1/2003,30.54,170308,636,13637,94783,8973,52279,2621,12736,4736,843,1900,1279,188,2131,3.98
113,8/1/2003,31.57,172630,583,13311,96957,8975,52805,2574,12769,4934,995,1535,1564,226,2132,4.45
112,9/1/2003,29.2,168118,616,13041,93895,8870,51696,2457,12868,5394,936,1749,1547,200,2082,4.27
111,10/1/2003,29.11,173860,640,13524,97239,9194,53263,2227,12373,5342,1049,1451,1564,231,2179,4.29
110,11/3/2003,30.41,166229,607,12691,92608,8849,51473,2416,11712,5237,646,1681,1562,129,2186,4.3
109,12/1/2003,32.52,172530,642,13692,96229,9246,52721,2404,12033,5225,959,1410,1631,175,2227,4.27
108,1/1/2004,33.05,172922,628,13233,96751,9117,53193,2454,12014,5244,1011,1477,1563,300,2204,4.15
107,2/2/2004,36.16,161508,603,12245,91335,8733,48592,2206,12658,5286,1166,1369,1565,110,2135,4.08
106,3/1/2004,35.76,173905,628,13707,96902,9412,53256,2435,13349,5833,1284,1531,1609,124,2118,3.83
105,4/1/2004,37.38,166640,608,13144,92985,9178,50725,2391,12883,5593,1101,1177,1599,164,2060,4.35
104,5/3/2004,39.88,172028,636,13604,96053,9526,52208,2432,13375,5884,1270,1519,1603,202,2087,4.72
103,6/1/2004,37.05,162034,587,12858,89540,9392,49657,2267,13561,5935,1260,1498,1723,202,2240,4.73
102,7/1/2004,43.8,169830,601,13369,98535,9612,47712,2302,13570,5845,1102,1655,1495,136,2178,4.5
101,8/2/2004,42.12,164884,595,13613,96700,9774,44201,2242,13689,6256,1252,1865,1474,191,2012,4.28
100,9/1/2004,49.64,152260,485,13259,80996,9600,47920,2241,12676,5613,1076,1732,1314,183,2141,4.13
99,10/1/2004,51.76,160094,605,13538,84686,9967,51297,2117,13438,5580,1079,1646,1561,156,2225,4.1
98,11/1/2004,49.13,162510,624,12782,89133,9730,50242,2171,13409,5783,1050,1707,1532,159,2108,4.19
97,12/1/2004,43.45,170647,623,14191,94151,10013,51669,2252,13088,5533,1027,1502,1616,181,2152,4.23
96,1/3/2005,48.2,168862,627,12703,95163,9925,50444,2363,12991,5476,1103,1653,1622,150,2235,4.22
95,2/1/2005,51.75,154034,541,12217,86440,9301,45536,1979,13749,5860,1221,1574,1710,110,2114,4.17
94,3/1/2005,55.4,173531,716,13980,97931,10271,50633,2339,13230,5359,974,1651,1546,126,2037,4.5
93,4/1/2005,49.72,166929,566,13333,94961,9953,48116,2189,13476,5618,1243,1514,1581,241,2073,4.34
92,5/2/2005,51.97,173364,603,13437,99232,10470,49622,2380,14006,5873,1234,1580,1648,176,2216,4.14
91,6/1/2005,56.5,164078,571,13382,93858,10188,46079,2108,14270,5785,1089,1596,1600,251,2171,4
90,7/1/2005,60.57,162808,504,13680,92370,10555,45700,2092,13925,6100,1255,1692,1632,205,2080,4.18
89,8/1/2005,68.94,161835,556,13684,89344,10813,47436,2136,13848,5673,1112,1589,1601,266,2085,4.26
88,9/1/2005,66.24,126329,560,13612,56123,10556,45478,2258,13229,5085,1065,1390,1374,158,2215,4.2
87,10/3/2005,59.76,141056,585,13859,67331,10949,48332,2289,14208,5412,1203,1351,1255,176,2109,4.46
86,11/1/2005,57.32,145507,555,13555,73648,10693,47055,2206,14096,5383,1248,1370,1258,330,2305,4.54
85,12/1/2005,61.04,154462,583,13953,81832,10786,47308,2167,13548,5431,1246,1472,1532,159,2531,4.47
84,1/2/2006,67.92,157638,569,14024,84595,10973,47477,1902,13796,5596,1227,1369,1566,195,2385,4.42
83,2/1/2006,61.41,140878,524,12532,75772,9827,42223,1929,13565,5502,1348,1451,1553,168,2338,4.57
82,3/1/2006,66.63,155848,642,14404,85130,11160,44513,2173,12904,5088,1116,1364,1532,170,2288,4.72
81,4/3/2006,71.88,152401,567,13667,82821,10780,44565,2244,13438,5488,1098,1595,1400,176,2292,4.99
80,5/1/2006,71.29,159652,606,14476,87137,11179,46254,2334,14315,5819,1190,1492,1470,204,2359,5.11
79,6/1/2006,73.93,154795,576,14120,85331,10748,44020,2241,14253,5691,1095,1529,1306,223,2303,5.11
78,7/3/2006,74.4,157882,598,14423,89495,11226,42140,2220,13984,5509,1073,1313,1469,156,2204,5.09
77,8/1/2006,70.26,156201,618,14448,89622,11277,40236,2222,14697,5729,1035,1514,1439,131,2456,4.88
76,9/1/2006,62.91,150910,590,14090,85188,10982,40060,2085,14491,5842,1078,1564,1386,185,2340,4.72
75,10/2/2006,58.73,158340,583,14326,88735,11381,43315,2208,13317,5538,1088,1382,1356,133,2176,4.73
74,11/1/2006,63.13,151958,577,13976,86303,10996,40107,2141,13005,5181,970,1507,1281,46,2637,4.6
73,12/1/2006,61.05,160818,559,14551,89070,11150,45487,2287,12721,5221,1068,1491,1274,74,2461,4.56
72,1/1/2007,58.14,158281,616,13409,88442,10936,44879,2149,13706,6074,1136,1542,1195,148,2529,4.76
71,2/1/2007,61.79,143625,546,12765,80431,10098,39786,1812,12173,5278,1109,1163,1360,85,2533,4.72
70,3/1/2007,65.87,158211,652,14753,87587,11454,43765,2163,13956,6302,1347,1244,1287,121,2357,4.56
69,4/2/2007,65.71,155264,591,14300,86696,11260,42417,2131,13842,5950,948,1488,1412,90,2498,4.69
68,5/1/2007,64.01,161376,605,14897,89636,11693,44544,2065,14204,6181,964,1614,1522,122,2500,4.75
67,6/1/2007,70.68,152194,587,14131,84852,11163,41460,2032,13553,6121,968,1534,1364,164,2410,5.1
66,7/2/2007,78.21,156166,577,14908,86401,11376,42904,2080,13754,5759,906,1436,1399,231,2386,5
65,8/1/2007,74.04,154541,607,15593,86310,11525,40506,2091,13634,6115,1224,1499,1320,181,2527,4.67
64,9/3/2007,81.66,147058,605,14878,81483,11025,39067,1982,13646,6231,1181,1560,1315,186,2520,4.52
63,10/1/2007,94.53,156694,626,15310,87003,11532,42222,1978,12981,5619,1241,1411,1388,175,2429,4.53
62,11/1/2007,88.71,151270,609,14931,82189,11174,42366,2077,13188,5961,1306,1620,1381,219,2404,4.15
61,12/3/2007,95.98,158405,637,14943,88291,11255,43278,2063,12869,6111,1271,1686,1387,130,2372,4.1
60,1/1/2008,91.75,158405,657,15789,88763,11053,42142,1990,13568,6415,1191,1503,1276,198,2654,3.74
59,2/1/2008,101.84,149504,603,14151,84521,10493,39737,1977,12660,5834,1025,1608,1131,240,2530,3.74
58,3/3/2008,101.58,160923,691,16150,89959,11410,42714,1977,12598,5934,1174,1542,1033,165,2563,3.51
57,4/1/2008,113.46,154602,650,15179,86866,11235,40672,1889,13331,6262,1221,1462,1189,170,2582,3.68
56,5/1/2008,127.35,159511,579,16616,89316,11515,41485,1989,12902,5931,918,1604,1171,278,2367,3.88
55,6/2/2008,140,154002,619,16107,86954,11134,39188,1998,13398,6054,1016,1464,1215,180,2430,4.1
54,7/1/2008,124.08,160579,633,16836,91753,11442,39915,1878,13124,6125,822,1690,1329,192,2417,4.01
53,8/1/2008,115.46,155186,622,17510,88172,11539,37343,2178,13118,6391,1166,1573,1305,257,2247,3.89
52,9/1/2008,100.64,119477,607,17316,50027,11427,40101,2024,11562,5127,591,1431,1051,149,2399,3.69
51,10/1/2008,67.81,146926,635,18110,74007,11761,42414,2034,13202,5875,963,1487,1162,200,2585,3.81
50,11/3/2008,54.43,152591,606,17975,81056,11535,41419,1987,12881,5799,827,1514,1236,176,2534,3.53
49,12/1/2008,44.6,158429,576,17883,86720,11446,41805,2106,12607,5679,939,1471,1159,198,2604,2.42
48,1/1/2009,41.68,159363,413,17242,89078,11595,41035,2089,13127,5689,524,1362,1353,269,2549,2.52
47,2/2/2009,44.76,146742,394,16385,81651,10559,37753,1817,12095,4958,496,1118,1139,241,2529,2.87
46,3/2/2009,49.66,161714,502,17543,91041,11513,41115,1250,12446,5212,891,967,1106,283,2446,2.82
45,4/1/2009,51.12,158540,430,17268,91126,11023,38692,1899,11962,4803,733,1057,891,347,2287,2.93
44,5/1/2009,66.31,166850,443,18287,96096,11392,40631,1880,11477,4372,626,1102,1141,243,2215,3.29
43,6/1/2009,69.89,158270,501,17986,92536,10986,36262,1944,11936,4825,830,959,1256,313,2538,3.72
42,7/1/2009,69.45,167373,450,18766,100493,11041,36623,1997,11830,4554,879,1046,976,289,2664,3.56
41,8/3/2009,69.96,166589,461,17130,100769,10983,37245,1950,11183,4530,917,729,1070,269,2523,3.59
40,9/1/2009,70.61,166812,503,18597,98623,10721,38369,1832,11756,5052,912,1045,1146,301,2358,3.4
39,10/1/2009,77,171031,453,18661,101120,11044,39753,1946,10878,4581,869,943,955,292,2367,3.39
38,11/2/2009,77.28,161579,426,18273,93499,10834,38548,1855,11105,4585,980,858,874,237,2565,3.4
37,12/1/2009,79.36,168937,508,18470,99813,10797,39349,1848,10534,4171,1029,877,849,231,2710,3.59
36,1/1/2010,72.89,167356,535,17951,99071,10928,38870,1880,11300,4554,1048,963,911,322,2596,3.73
35,2/1/2010,79.66,155292,504,17513,92125,10142,35007,1693,11230,4659,932,898,1010,386,2491,3.69
34,3/1/2010,83.76,170898,573,20369,99208,11411,39337,1980,11621,5084,962,1149,1061,251,2505,3.73
33,4/1/2010,86.15,161318,583,20131,91736,11054,37815,1847,12526,5376,1060,1257,951,423,2472,3.85
32,5/3/2010,73.97,167343,619,20801,97439,11528,36955,1896,12141,5055,1026,1097,1117,315,2528,3.42
31,6/1/2010,75.63,161508,628,20951,94310,11038,34582,1835,12444,5297,1108,1125,899,407,2717,3.2
30,7/1/2010,78.95,164709,646,22150,94694,11330,35890,1830,12675,5178,1174,1053,1084,404,2549,3.01
29,8/2/2010,71.92,168780,637,21799,98968,11699,35676,1741,12356,5117,985,1132,1022,372,2489,2.7
28,9/1/2010,79.97,168248,623,21759,97480,11565,36821,1745,11823,5111,1174,1093,1008,363,2479,2.65
27,10/1/2010,81.43,173485,633,22377,100886,11875,37713,1773,11142,4305,872,1131,930,422,2347,2.54
26,11/1/2010,84.11,166749,622,21954,96305,11536,36332,1674,11096,4525,856,1152,942,492,2513,2.76
25,12/1/2010,91.38,174045,632,22807,100803,11713,38091,1808,11132,4614,1070,1093,917,231,2736,3.29
24,1/3/2011,92.19,170542,651,22849,103163,11368,32512,1638,12248,4909,1022,1101,1030,355,3004,3.39
23,2/1/2011,96.97,151623,584,20213,86739,10508,33579,1474,10738,4530,978,1114,989,258,2997,3.58
22,3/1/2011,106.72,173124,670,23393,99866,12012,37183,1710,11850,4638,913,1108,1065,427,2819,3.41
21,4/1/2011,113.93,166183,646,22191,95670,11750,35926,1703,11808,4548,922,1107,1009,548,2755,3.46
20,5/2/2011,102.7,173596,668,23317,101134,12056,36421,1703,11866,4619,854,1203,1016,433,2564,3.17
19,6/1/2011,95.42,167014,639,23513,96687,11859,34317,1698,11877,4894,853,1169,1084,309,2586,3
18,7/1/2011,95.7,168022,655,25483,97518,12196,32170,1751,11757,4939,884,1326,954,418,2691,3
17,8/1/2011,88.81,174834,691,26263,101141,12359,34380,1677,11227,4656,892,1075,914,395,2688,2.3
16,9/1/2011,79.2,167585,656,26168,93685,12041,35035,1669,11270,4326,580,1479,806,529,2880,1.98
15,10/3/2011,93.19,182189,675,27921,105284,12655,35655,1711,11053,4296,693,1120,906,578,2719,2.15
14,11/1/2011,100.36,180190,656,28131,103745,12477,35181,1495,11217,4206,703,1222,767,424,2858,2.01
13,12/1/2011,98.83,186384,669,29167,107284,12840,36426,1589,11064,4093,534,1310,868,508,3009,1.98
12,1/2/2012,98.48,190101,706,29872,109961,12902,36660,1760,10944,4203,504,1423,750,431,3008,1.97
11,2/1/2012,107.07,180077,655,28569,104705,12290,33858,1490,10464,3986,353,1420,931,472,3048,1.97
10,3/1/2012,103.02,194345,704,31105,114473,13241,34822,793,10610,4314,374,1374,984,482,2931,2.17
9,4/2/2012,104.87,187723,653,31226,109513,12450,33881,1165,10634,4394,483,1589,904,472,2931,2.05
8,5/1/2012,86.53,194431,706,33433,112024,13148,35119,1578,11132,4672,428,1471,861,430,3018,1.8
7,6/1/2012,84.96,186086,694,33172,107305,12505,32410,1551,11393,4618,515,1456,788,515,3051,1.62
6,7/2/2012,88.06,196405,701,34129,117238,13349,30989,1652,10748,4331,372,1466,1046,397,2973,1.51
5,8/1/2012,96.47,193487,723,35401,113180,13444,30739,1630,10898,4344,504,1220,1007,409,3022,1.55
4,9/3/2012,92.19,194054,722,35377,112205,13277,32473,1668,10533,4268,468,1291,1035,357,2815,1.62
